paragraph,pageCount,samplePages
"this is a small measurement often used for hardware# craft materials# labels# and compact product details#",9,"/0-25-inch-in-cm /0-5-inch-in-cm /0-75-inch-in-cm /1-25-inches-in-cm /1-5-inches-in-cm /1-75-inches-in-cm /2-25-inches-in-cm /2-5-inches-in-cm"
"multiply # by # the calculation is # × # = # cm#",154,"/0-25-inch-in-cm /0-5-inch-in-cm /0-75-inch-in-cm /1-inch-in-cm /1-25-inches-in-cm /1-5-inches-in-cm /1-75-inches-in-cm /2-inches-in-cm"
"yes# one inch is defined as exactly # cm# so this multiplication is exact#",154,"/0-25-inch-in-cm /0-5-inch-in-cm /0-75-inch-in-cm /1-inch-in-cm /1-25-inches-in-cm /1-5-inches-in-cm /1-75-inches-in-cm /2-inches-in-cm"
"# inches is # millimeters because # inch equals # mm#",153,"/0-25-inch-in-cm /0-5-inch-in-cm /0-75-inch-in-cm /1-25-inches-in-cm /1-5-inches-in-cm /1-75-inches-in-cm /2-inches-in-cm /2-25-inches-in-cm"
"for everyday use you can round# but keep the exact value for specifications# forms# and product dimensions#",154,"/0-25-inch-in-cm /0-5-inch-in-cm /0-75-inch-in-cm /1-inch-in-cm /1-25-inches-in-cm /1-5-inches-in-cm /1-75-inches-in-cm /2-inches-in-cm"
"this range often appears in phones# hand tools# small notebooks# craft pieces# and product specification details#",13,"/3-inches-in-cm /3-25-inches-in-cm /3-5-inches-in-cm /3-75-inches-in-cm /4-inches-in-cm /4-25-inches-in-cm /4-5-inches-in-cm /4-75-inches-in-cm"
"measurements from # to # inches are common for tablets# rulers# paper edges# packaging# and small shelves#",23,"/6-25-inches-in-cm /6-5-inches-in-cm /6-75-inches-in-cm /7-inches-in-cm /7-25-inches-in-cm /7-5-inches-in-cm /7-75-inches-in-cm /8-inches-in-cm"
"measurements from # to # inches often appear in laptops# monitors# bags# shelves# and compact furniture#",22,"/12-25-inches-in-cm /12-5-inches-in-cm /12-75-inches-in-cm /13-inches-in-cm /13-5-inches-in-cm /14-5-inches-in-cm /15-inches-in-cm /15-5-inches-in-cm"
"# inches is a common advertised screen diagonal# the device width and height depend on its aspect ratio and bezel#",12,"/13-3-inch-in-cm /14-inches-in-cm /15-6-inch-in-cm /17-3-inch-in-cm /21-5-inch-in-cm /27-inches-in-cm /32-inches-in-cm /43-inches-in-cm"
"use this value when comparing laptop# monitor# tablet# or tv display diagonals# check width and height separately for fit#",13,"/13-3-inch-in-cm /14-inches-in-cm /15-6-inch-in-cm /17-3-inch-in-cm /21-5-inch-in-cm /24-inches-in-cm /27-inches-in-cm /32-inches-in-cm"
"measurements from # to # inches are common for screens# furniture# doorways# and larger product dimensions#",34,"/24-5-inches-in-cm /25-inches-in-cm /26-inches-in-cm /27-5-inches-in-cm /28-inches-in-cm /29-inches-in-cm /30-inches-in-cm /31-inches-in-cm"
"this is a common tv display diagonal# screen sizes are diagonal measurements# not width# use the screen size converter to estimate width and height#",5,"/43-inches-in-cm /55-inches-in-cm /65-inches-in-cm /75-inches-in-cm /85-inches-in-cm"
"for long measurements over # inches# compare the result with feet or meters when that makes the scale easier to understand#",37,"/61-inches-in-cm /62-inches-in-cm /63-inches-in-cm /64-inches-in-cm /66-inches-in-cm /67-inches-in-cm /68-inches-in-cm /69-inches-in-cm"
"divide # by # the result is approximately # inches#",170,"/1-cm-in-inches /2-cm-in-inches /2-54-cm-in-inches /3-cm-in-inches /4-cm-in-inches /5-cm-in-inches /5-08-cm-in-inches /6-cm-in-inches"
"most centimeter values produce repeating decimals in inches# so the displayed result is rounded to four decimal places#",170,"/1-cm-in-inches /2-cm-in-inches /2-54-cm-in-inches /3-cm-in-inches /4-cm-in-inches /5-cm-in-inches /5-08-cm-in-inches /6-cm-in-inches"
"rounded to the nearest # inch# # cm is about # in#",69,"/1-cm-in-inches /2-cm-in-inches /2-54-cm-in-inches /5-08-cm-in-inches /7-62-cm-in-inches /10-16-cm-in-inches /12-7-cm-in-inches /15-24-cm-in-inches"
"one inch equals exactly # centimeters# so centimeters are converted to inches by dividing by #",170,"/1-cm-in-inches /2-cm-in-inches /2-54-cm-in-inches /3-cm-in-inches /4-cm-in-inches /5-cm-in-inches /5-08-cm-in-inches /6-cm-in-inches"
"rounded to the nearest # inch# # cm is about # # in#",101,"/3-cm-in-inches /4-cm-in-inches /5-cm-in-inches /6-cm-in-inches /7-cm-in-inches /8-cm-in-inches /9-cm-in-inches /10-cm-in-inches"
"this range is useful for compact objects# phone dimensions# stationery# and household items#",14,"/5-cm-in-inches /5-08-cm-in-inches /6-cm-in-inches /7-cm-in-inches /7-62-cm-in-inches /8-cm-in-inches /9-cm-in-inches /10-16-cm-in-inches"
"this range often appears in tablets# notebooks# packaging# shelves# and product dimensions#",20,"/15-24-cm-in-inches /16-cm-in-inches /17-cm-in-inches /17-78-cm-in-inches /18-cm-in-inches /19-cm-in-inches /20-cm-in-inches /20-32-cm-in-inches"
"this range is useful for furniture# screens# storage# shipping boxes# and room planning#",95,"/31-cm-in-inches /32-cm-in-inches /33-cm-in-inches /33-02-cm-in-inches /34-cm-in-inches /35-cm-in-inches /35-56-cm-in-inches /36-cm-in-inches"
"for larger centimeter values# compare the result with meters# feet# or inches when communicating the size#",28,"/101-6-cm-in-inches /104-14-cm-in-inches /106-68-cm-in-inches /109-22-cm-in-inches /110-cm-in-inches /111-76-cm-in-inches /114-3-cm-in-inches /116-84-cm-in-inches"
"# feet equals exactly # centimeters# the conversion first changes the height to # total inches# then multiplies by #",6,"/3-feet-in-cm /4-feet-in-cm /5-feet-in-cm /6-feet-in-cm /7-feet-in-cm /8-feet-in-cm"
"# feet is # total inches because # feet equals # inches and the remaining # inches are added after that#",6,"/3-feet-in-cm /4-feet-in-cm /5-feet-in-cm /6-feet-in-cm /7-feet-in-cm /8-feet-in-cm"
"this conversion is useful for height records# character profiles# school forms# and international measurement references where centimeters are expected#",24,"/3-feet-in-cm /3-1-in-cm /3-2-in-cm /3-3-in-cm /3-4-in-cm /3-5-in-cm /3-6-in-cm /3-7-in-cm"
"this height is # total inches# or # meters# use the exact centimeter value when a form# profile# chart# or specification expects metric units#",61,"/3-feet-in-cm /3-1-in-cm /3-2-in-cm /3-3-in-cm /3-4-in-cm /3-5-in-cm /3-6-in-cm /3-7-in-cm"
"first convert the height to # total inches# then multiply by # to get # cm#",61,"/3-feet-in-cm /3-1-in-cm /3-2-in-cm /3-3-in-cm /3-4-in-cm /3-5-in-cm /3-6-in-cm /3-7-in-cm"
"# feet # inches equals exactly # centimeters# the conversion first changes the height to # total inches# then multiplies by #",55,"/3-1-in-cm /3-2-in-cm /3-3-in-cm /3-4-in-cm /3-5-in-cm /3-6-in-cm /3-7-in-cm /3-8-in-cm"
"# is # total inches because # feet equals # inches and the remaining # inches are added after that#",55,"/3-1-in-cm /3-2-in-cm /3-3-in-cm /3-4-in-cm /3-5-in-cm /3-6-in-cm /3-7-in-cm /3-8-in-cm"
"this conversion is useful for personal height conversion# fitness profiles# clothing references# and travel or id forms#",13,"/5-feet-in-cm /5-1-in-cm /5-2-in-cm /5-3-in-cm /5-4-in-cm /5-5-in-cm /5-6-in-cm /5-7-in-cm"
"this conversion is useful for sports profiles# athlete bios# clearance references# and international height conversion#",24,"/6-1-in-cm /6-2-in-cm /6-3-in-cm /6-4-in-cm /6-5-in-cm /6-6-in-cm /6-7-in-cm /6-8-in-cm"